{
    "typeName": "AWSQS::Kubernetes::Helm",
    "description": "A resource provider for managing helm.",
    "sourceUrl": "https://github.com/aws-quickstart/quickstart-helm-resource-provider.git",
    "definitions": {
        "Arn": {
            "type": "string",
            "pattern": "^arn:aws(-(cn|gov))?:[a-z-]+:(([a-z]+-)+[0-9])?:([0-9]{12})?:[^.]+$"
        }
    },
    "properties": {
        "ClusterID": {
            "description": "EKS cluster name",
            "type": "string"
        },
        "KubeConfig": {
                "description": "Secrets Manager ARN for kubeconfig file",
                "$ref": "#/definitions/Arn"
        },
        "RoleArn": {
            "description": "IAM to use with EKS cluster authentication, if not resource execution role will be used",
            "$ref": "#/definitions/Arn"
        },
        "Repository": {
            "description": "Repository url. Defaults to kubernetes-charts.storage.googleapis.com",
            "type": "string"
        },
        "Chart": {
            "description": "Chart name",
            "type": "string"
        },
        "Namespace": {
            "description": "Namespace to use with helm. Created if doesn't exist and default will be used if not provided",
            "type": "string"
        },
        "Name": {
            "description": "Name for the helm release",
            "type": "string"
        },
        "Values": {
            "description": "Custom Values can optionally be specified",
            "type": "object",
            "patternProperties": {
                "^.+$": {"type": "string"}
            }
        },
        "ValueYaml": {
            "description": "String representation of a values.yaml file",
            "type": "string"
        },
        "Version": {
            "description": "Version can be specified, if not latest will be used",
            "type": "string"
        },
        "ValueOverrideURL": {
            "description": "Custom Value Yaml file can optionally be specified",
            "type": "string",
            "pattern": "^[sS]3://[0-9a-zA-Z]([-.\\w]*[0-9a-zA-Z])(:[0-9]*)*([?/#].*)?$"
        },
        "ID": {
            "description": "Primary identifier for Cloudformation",
            "type": "string"
        },
        "Resources": {
            "description": "Resources from the helm charts",
            "type": "object"
        },
        "TimeOut": {
            "description": "Timeout for resource provider. Default 60 mins",
            "type": "integer"
        },
        "VPCConfiguration": {
            "type": "object",
            "description": "For network connectivity to Cluster inside VPC",
            "properties": {
                "SecurityGroupIds": {
                    "description": "Specify one or more security groups",
                    "type": "array",
                    "items": {
                        "type": "string"
                    }
                },
                "SubnetIds": {
                    "description": "Specify one or more subnets",
                    "type": "array",
                    "items": {
                        "type": "string"
                    }
                }
            }
        }
    },
    "additionalProperties": false,
    "required": [
        "Chart"
    ],
    "readOnlyProperties": [
        "/properties/Name",
        "/properties/Namespace",
        "/properties/Chart",
        "/properties/Version",
        "/properties/Resources"
    ], 
    "primaryIdentifier": [
        "/properties/ID"
    ],
    "createOnlyProperties": [
        "/properties/Name",
        "/properties/Namespace",
        "/properties/ClusterID"
    ],
    "handlers": {
        "create": {
            "permissions": [
                "secretsmanager:GetSecretValue",
                "kms:Decrypt",
                "eks:DescribeCluster",
                "s3:GetObject",
                "sts:AssumeRole",
                "iam:PassRole",
                "iam:ListRolePolicies",
                "iam:ListAttachedRolePolicies",
                "iam:GetRole",
                "iam:GetPolicy",
                "iam:GetPolicyVersion",
                "ec2:CreateNetworkInterface",
                "ec2:DeleteNetworkInterface",
                "ec2:Describe*",
                "logs:CreateLogGroup",
                "logs:CreateLogStream",
                "logs:PutLogEvents",
                "lambda:*"
            ]
        },
        "read": {
            "permissions": [
                "secretsmanager:GetSecretValue",
                "kms:Decrypt",
                "eks:DescribeCluster",
                "s3:GetObject",
                "sts:AssumeRole",
                "iam:PassRole",
                "iam:ListRolePolicies",
                "iam:ListAttachedRolePolicies",
                "iam:GetRole",
                "iam:GetPolicy",
                "iam:GetPolicyVersion",
                "ec2:CreateNetworkInterface",
                "ec2:DeleteNetworkInterface",
                "ec2:Describe*",
                "logs:CreateLogGroup",
                "logs:CreateLogStream",
                "logs:PutLogEvents",
                "lambda:*"
            ]
        },
        "update": {
            "permissions": [
                "secretsmanager:GetSecretValue",
                "kms:Decrypt",
                "eks:DescribeCluster",
                "s3:GetObject",
                "sts:AssumeRole",
                "iam:PassRole",
                "iam:ListRolePolicies",
                "iam:ListAttachedRolePolicies",
                "iam:GetRole",
                "iam:GetPolicy",
                "iam:GetPolicyVersion",
                "ec2:CreateNetworkInterface",
                "ec2:DeleteNetworkInterface",
                "ec2:Describe*",
                "logs:CreateLogGroup",
                "logs:CreateLogStream",
                "logs:PutLogEvents",
                "lambda:*"
            ]
        },
        "delete": {
            "permissions": [
                "secretsmanager:GetSecretValue",
                "kms:Decrypt",
                "eks:DescribeCluster",
                "s3:GetObject",
                "sts:AssumeRole",
                "iam:PassRole",
                "iam:ListRolePolicies",
                "iam:ListAttachedRolePolicies",
                "iam:GetRole",
                "iam:GetPolicy",
                "iam:GetPolicyVersion",
                "ec2:CreateNetworkInterface",
                "ec2:DeleteNetworkInterface",
                "ec2:Describe*",
                "logs:CreateLogGroup",
                "logs:CreateLogStream",
                "logs:PutLogEvents",
                "lambda:*"
            ]
        }
    }
}